feature,importance
ctr_subs_interaction,0.15338540801451814
ctr_rqs_product,0.11711530840377753
ctr_pred_log,0.10154972698187285
ctr_pred,0.09355562779777742
ctr_pred_sq,0.0908959478827741
ctr_rqs_interaction,0.07951310311553669
log_age_sq,0.07158711019058396
log_age,0.06662811813709238
log_subs,0.062474802772739826
rqs_pred_sigmoid,0.057508991560239385
rqs_pred_sq,0.056929584826056694
rqs_pred,0.048856270317031145
genre_unknown,0.0
