{
  "unknown|0": 386761.8999999999,
  "unknown|1": 11490283.849999994,
  "unknown|2": 8350475.6,
  "unknown|3": 40675268.449999936,
  "unknown|4": 1741481177.899999
}